text,label
Your workspace activity this week Here's your update from 1Password. A teammate left a comment on a shared item. Open 1Password to view the latest changes and reply.,0
A teammate mentioned you Here's your update from Trello. A teammate left a comment on a shared item. Open Trello to view the latest changes and reply.,0
"Your Discord verification code Your one-time verification code is 390241. This code will expire in 10 minutes. If you did not request this code, you can safely ignore this email.",0
"Your Airbnb verification code Your one-time verification code is 643576. This code will expire in 10 minutes. If you did not request this code, you can safely ignore this email.",0
Your export is ready to download Here's your update from Loom. A teammate left a comment on a shared item. Open Loom to view the latest changes and reply.,0
"Your application has been approved Congratulations! Based on your resume we are offering you the Administrative Assistant position at $40/hr, fully remote, no experience required. To begin onboarding and set up direct deposit, please reply with a copy of your government ID and a voided check. We will mail you a starter check to cover home office equipment.",1
"Job offer - immediate start, work from home Congratulations! Based on your resume we are offering you the Data Entry Clerk position at $40/hr, fully remote, no experience required. To begin onboarding and set up direct deposit, please reply with a copy of your government ID and a voided check. We will mail you a starter check to cover home office equipment.",1
Your export is ready to download Here's your update from Loom. A teammate left a comment on a shared item. Open Loom to view the latest changes and reply.,0
"Your application has been approved Congratulations! Based on your resume we are offering you the Data Entry Clerk position at $45/hr, fully remote, no experience required. To begin onboarding and set up direct deposit, please reply with a copy of your government ID and a voided check. We will mail you a starter check to cover home office equipment.",1
"You've been selected for our Virtual Assistant position Congratulations! Based on your resume we are offering you the Virtual Assistant position at $28/hr, fully remote, no experience required. To begin onboarding and set up direct deposit, please reply with a copy of your government ID and a voided check. We will mail you a starter check to cover home office equipment.",1
Your workspace activity this week Here's your update from Asana. A teammate left a comment on a shared item. Open Asana to view the latest changes and reply.,0
"You've been selected for our Customer Service Rep position Congratulations! Based on your resume we are offering you the Customer Service Rep position at $45/hr, fully remote, no experience required. To begin onboarding and set up direct deposit, please reply with a copy of your government ID and a voided check. We will mail you a starter check to cover home office equipment.",1
Your workspace activity this week Here's your update from 1Password. A teammate left a comment on a shared item. Open 1Password to view the latest changes and reply.,0
Your workspace activity this week Here's your update from ClickUp. A teammate left a comment on a shared item. Open ClickUp to view the latest changes and reply.,0
"You've been selected for our Customer Service Rep position Congratulations! Based on your resume we are offering you the Customer Service Rep position at $28/hr, fully remote, no experience required. To begin onboarding and set up direct deposit, please reply with a copy of your government ID and a voided check. We will mail you a starter check to cover home office equipment.",1
"Job offer - immediate start, work from home Congratulations! Based on your resume we are offering you the Administrative Assistant position at $35/hr, fully remote, no experience required. To begin onboarding and set up direct deposit, please reply with a copy of your government ID and a voided check. We will mail you a starter check to cover home office equipment.",1
"You've been selected for our Virtual Assistant position Congratulations! Based on your resume we are offering you the Virtual Assistant position at $35/hr, fully remote, no experience required. To begin onboarding and set up direct deposit, please reply with a copy of your government ID and a voided check. We will mail you a starter check to cover home office equipment.",1
"You've been selected for our Personal Assistant position Congratulations! Based on your resume we are offering you the Personal Assistant position at $35/hr, fully remote, no experience required. To begin onboarding and set up direct deposit, please reply with a copy of your government ID and a voided check. We will mail you a starter check to cover home office equipment.",1
"You've been selected for our Package Reshipper position Congratulations! Based on your resume we are offering you the Package Reshipper position at $40/hr, fully remote, no experience required. To begin onboarding and set up direct deposit, please reply with a copy of your government ID and a voided check. We will mail you a starter check to cover home office equipment.",1
"Your LinkedIn verification code Your one-time verification code is 744295. This code will expire in 10 minutes. If you did not request this code, you can safely ignore this email.",0
Your weekly summary is ready Here's your update from Notion. A teammate left a comment on a shared item. Open Notion to view the latest changes and reply.,0
"Your application has been approved Congratulations! Based on your resume we are offering you the Customer Service Rep position at $28/hr, fully remote, no experience required. To begin onboarding and set up direct deposit, please reply with a copy of your government ID and a voided check. We will mail you a starter check to cover home office equipment.",1
"Your Notion verification code Your one-time verification code is 242481. This code will expire in 10 minutes. If you did not request this code, you can safely ignore this email.",0
"Your application has been approved Congratulations! Based on your resume we are offering you the Administrative Assistant position at $40/hr, fully remote, no experience required. To begin onboarding and set up direct deposit, please reply with a copy of your government ID and a voided check. We will mail you a starter check to cover home office equipment.",1
"Job offer - immediate start, work from home Congratulations! Based on your resume we are offering you the Customer Service Rep position at $35/hr, fully remote, no experience required. To begin onboarding and set up direct deposit, please reply with a copy of your government ID and a voided check. We will mail you a starter check to cover home office equipment.",1
"You've been selected for our Personal Assistant position Congratulations! Based on your resume we are offering you the Personal Assistant position at $40/hr, fully remote, no experience required. To begin onboarding and set up direct deposit, please reply with a copy of your government ID and a voided check. We will mail you a starter check to cover home office equipment.",1
"Your Dropbox verification code Your one-time verification code is 848917. This code will expire in 10 minutes. If you did not request this code, you can safely ignore this email.",0
A teammate mentioned you Here's your update from Airtable. A teammate left a comment on a shared item. Open Airtable to view the latest changes and reply.,0
"Your application has been approved Congratulations! Based on your resume we are offering you the Administrative Assistant position at $32/hr, fully remote, no experience required. To begin onboarding and set up direct deposit, please reply with a copy of your government ID and a voided check. We will mail you a starter check to cover home office equipment.",1
"Your Robinhood verification code Your one-time verification code is 250177. This code will expire in 10 minutes. If you did not request this code, you can safely ignore this email.",0
Your workspace activity this week Here's your update from ClickUp. A teammate left a comment on a shared item. Open ClickUp to view the latest changes and reply.,0
"Job offer - immediate start, work from home Congratulations! Based on your resume we are offering you the Administrative Assistant position at $40/hr, fully remote, no experience required. To begin onboarding and set up direct deposit, please reply with a copy of your government ID and a voided check. We will mail you a starter check to cover home office equipment.",1
"Your Coinbase verification code Your one-time verification code is 424041. This code will expire in 10 minutes. If you did not request this code, you can safely ignore this email.",0
A teammate mentioned you Here's your update from Loom. A teammate left a comment on a shared item. Open Loom to view the latest changes and reply.,0
"Your LinkedIn verification code Your one-time verification code is 187852. This code will expire in 10 minutes. If you did not request this code, you can safely ignore this email.",0
Your workspace activity this week Here's your update from Loom. A teammate left a comment on a shared item. Open Loom to view the latest changes and reply.,0
Your export is ready to download Here's your update from Loom. A teammate left a comment on a shared item. Open Loom to view the latest changes and reply.,0
Your weekly summary is ready Here's your update from Loom. A teammate left a comment on a shared item. Open Loom to view the latest changes and reply.,0
"Your Coinbase verification code Your one-time verification code is 851070. This code will expire in 10 minutes. If you did not request this code, you can safely ignore this email.",0
"Your Reddit verification code Your one-time verification code is 792198. This code will expire in 10 minutes. If you did not request this code, you can safely ignore this email.",0
"Your Reddit verification code Your one-time verification code is 574456. This code will expire in 10 minutes. If you did not request this code, you can safely ignore this email.",0
"Job offer - immediate start, work from home Congratulations! Based on your resume we are offering you the Personal Assistant position at $28/hr, fully remote, no experience required. To begin onboarding and set up direct deposit, please reply with a copy of your government ID and a voided check. We will mail you a starter check to cover home office equipment.",1
"Job offer - immediate start, work from home Congratulations! Based on your resume we are offering you the Mystery Shopper position at $35/hr, fully remote, no experience required. To begin onboarding and set up direct deposit, please reply with a copy of your government ID and a voided check. We will mail you a starter check to cover home office equipment.",1
"Job offer - immediate start, work from home Congratulations! Based on your resume we are offering you the Package Reshipper position at $45/hr, fully remote, no experience required. To begin onboarding and set up direct deposit, please reply with a copy of your government ID and a voided check. We will mail you a starter check to cover home office equipment.",1
"Your Notion verification code Your one-time verification code is 551826. This code will expire in 10 minutes. If you did not request this code, you can safely ignore this email.",0
"Your Instacart verification code Your one-time verification code is 594248. This code will expire in 10 minutes. If you did not request this code, you can safely ignore this email.",0
"Job offer - immediate start, work from home Congratulations! Based on your resume we are offering you the Personal Assistant position at $35/hr, fully remote, no experience required. To begin onboarding and set up direct deposit, please reply with a copy of your government ID and a voided check. We will mail you a starter check to cover home office equipment.",1
"Your Robinhood verification code Your one-time verification code is 348941. This code will expire in 10 minutes. If you did not request this code, you can safely ignore this email.",0
A teammate mentioned you Here's your update from ClickUp. A teammate left a comment on a shared item. Open ClickUp to view the latest changes and reply.,0
Your weekly summary is ready Here's your update from 1Password. A teammate left a comment on a shared item. Open 1Password to view the latest changes and reply.,0
"Your application has been approved Congratulations! Based on your resume we are offering you the Customer Service Rep position at $32/hr, fully remote, no experience required. To begin onboarding and set up direct deposit, please reply with a copy of your government ID and a voided check. We will mail you a starter check to cover home office equipment.",1
"Job offer - immediate start, work from home Congratulations! Based on your resume we are offering you the Personal Assistant position at $35/hr, fully remote, no experience required. To begin onboarding and set up direct deposit, please reply with a copy of your government ID and a voided check. We will mail you a starter check to cover home office equipment.",1
"Your Figma verification code Your one-time verification code is 137932. This code will expire in 10 minutes. If you did not request this code, you can safely ignore this email.",0
"Your Discord verification code Your one-time verification code is 604319. This code will expire in 10 minutes. If you did not request this code, you can safely ignore this email.",0
"Your Airbnb verification code Your one-time verification code is 324593. This code will expire in 10 minutes. If you did not request this code, you can safely ignore this email.",0
"Job offer - immediate start, work from home Congratulations! Based on your resume we are offering you the Administrative Assistant position at $40/hr, fully remote, no experience required. To begin onboarding and set up direct deposit, please reply with a copy of your government ID and a voided check. We will mail you a starter check to cover home office equipment.",1
Your weekly summary is ready Here's your update from Miro. A teammate left a comment on a shared item. Open Miro to view the latest changes and reply.,0
"Your application has been approved Congratulations! Based on your resume we are offering you the Personal Assistant position at $28/hr, fully remote, no experience required. To begin onboarding and set up direct deposit, please reply with a copy of your government ID and a voided check. We will mail you a starter check to cover home office equipment.",1
"You've been selected for our Data Entry Clerk position Congratulations! Based on your resume we are offering you the Data Entry Clerk position at $32/hr, fully remote, no experience required. To begin onboarding and set up direct deposit, please reply with a copy of your government ID and a voided check. We will mail you a starter check to cover home office equipment.",1
"Job offer - immediate start, work from home Congratulations! Based on your resume we are offering you the Administrative Assistant position at $35/hr, fully remote, no experience required. To begin onboarding and set up direct deposit, please reply with a copy of your government ID and a voided check. We will mail you a starter check to cover home office equipment.",1
"Your Discord verification code Your one-time verification code is 530421. This code will expire in 10 minutes. If you did not request this code, you can safely ignore this email.",0
"Your application has been approved Congratulations! Based on your resume we are offering you the Package Reshipper position at $45/hr, fully remote, no experience required. To begin onboarding and set up direct deposit, please reply with a copy of your government ID and a voided check. We will mail you a starter check to cover home office equipment.",1
"Your Figma verification code Your one-time verification code is 645703. This code will expire in 10 minutes. If you did not request this code, you can safely ignore this email.",0
"Your application has been approved Congratulations! Based on your resume we are offering you the Payroll Coordinator position at $28/hr, fully remote, no experience required. To begin onboarding and set up direct deposit, please reply with a copy of your government ID and a voided check. We will mail you a starter check to cover home office equipment.",1
"Job offer - immediate start, work from home Congratulations! Based on your resume we are offering you the Customer Service Rep position at $28/hr, fully remote, no experience required. To begin onboarding and set up direct deposit, please reply with a copy of your government ID and a voided check. We will mail you a starter check to cover home office equipment.",1
"Your Instacart verification code Your one-time verification code is 306440. This code will expire in 10 minutes. If you did not request this code, you can safely ignore this email.",0
Your workspace activity this week Here's your update from Airtable. A teammate left a comment on a shared item. Open Airtable to view the latest changes and reply.,0
"Your Airbnb verification code Your one-time verification code is 963856. This code will expire in 10 minutes. If you did not request this code, you can safely ignore this email.",0
A teammate mentioned you Here's your update from Asana. A teammate left a comment on a shared item. Open Asana to view the latest changes and reply.,0
"Your Instacart verification code Your one-time verification code is 979094. This code will expire in 10 minutes. If you did not request this code, you can safely ignore this email.",0
"Your LinkedIn verification code Your one-time verification code is 886652. This code will expire in 10 minutes. If you did not request this code, you can safely ignore this email.",0
Your workspace activity this week Here's your update from 1Password. A teammate left a comment on a shared item. Open 1Password to view the latest changes and reply.,0
"Your Figma verification code Your one-time verification code is 709173. This code will expire in 10 minutes. If you did not request this code, you can safely ignore this email.",0
"Your DoorDash verification code Your one-time verification code is 870743. This code will expire in 10 minutes. If you did not request this code, you can safely ignore this email.",0
"Your Instacart verification code Your one-time verification code is 660829. This code will expire in 10 minutes. If you did not request this code, you can safely ignore this email.",0
"Your Dropbox verification code Your one-time verification code is 512631. This code will expire in 10 minutes. If you did not request this code, you can safely ignore this email.",0
Your workspace activity this week Here's your update from Notion. A teammate left a comment on a shared item. Open Notion to view the latest changes and reply.,0
"Your application has been approved Congratulations! Based on your resume we are offering you the Package Reshipper position at $32/hr, fully remote, no experience required. To begin onboarding and set up direct deposit, please reply with a copy of your government ID and a voided check. We will mail you a starter check to cover home office equipment.",1
Your weekly summary is ready Here's your update from Trello. A teammate left a comment on a shared item. Open Trello to view the latest changes and reply.,0
"Your Coinbase verification code Your one-time verification code is 181755. This code will expire in 10 minutes. If you did not request this code, you can safely ignore this email.",0
"Job offer - immediate start, work from home Congratulations! Based on your resume we are offering you the Virtual Assistant position at $40/hr, fully remote, no experience required. To begin onboarding and set up direct deposit, please reply with a copy of your government ID and a voided check. We will mail you a starter check to cover home office equipment.",1
"You've been selected for our Personal Assistant position Congratulations! Based on your resume we are offering you the Personal Assistant position at $28/hr, fully remote, no experience required. To begin onboarding and set up direct deposit, please reply with a copy of your government ID and a voided check. We will mail you a starter check to cover home office equipment.",1
"Your GitHub verification code Your one-time verification code is 845765. This code will expire in 10 minutes. If you did not request this code, you can safely ignore this email.",0
Your workspace activity this week Here's your update from Trello. A teammate left a comment on a shared item. Open Trello to view the latest changes and reply.,0
Your workspace activity this week Here's your update from Notion. A teammate left a comment on a shared item. Open Notion to view the latest changes and reply.,0
"Job offer - immediate start, work from home Congratulations! Based on your resume we are offering you the Personal Assistant position at $35/hr, fully remote, no experience required. To begin onboarding and set up direct deposit, please reply with a copy of your government ID and a voided check. We will mail you a starter check to cover home office equipment.",1
"Your Robinhood verification code Your one-time verification code is 698298. This code will expire in 10 minutes. If you did not request this code, you can safely ignore this email.",0
"Job offer - immediate start, work from home Congratulations! Based on your resume we are offering you the Mystery Shopper position at $40/hr, fully remote, no experience required. To begin onboarding and set up direct deposit, please reply with a copy of your government ID and a voided check. We will mail you a starter check to cover home office equipment.",1
Your workspace activity this week Here's your update from Miro. A teammate left a comment on a shared item. Open Miro to view the latest changes and reply.,0
"Your Notion verification code Your one-time verification code is 843053. This code will expire in 10 minutes. If you did not request this code, you can safely ignore this email.",0
A teammate mentioned you Here's your update from Asana. A teammate left a comment on a shared item. Open Asana to view the latest changes and reply.,0
"You've been selected for our Personal Assistant position Congratulations! Based on your resume we are offering you the Personal Assistant position at $40/hr, fully remote, no experience required. To begin onboarding and set up direct deposit, please reply with a copy of your government ID and a voided check. We will mail you a starter check to cover home office equipment.",1
"You've been selected for our Personal Assistant position Congratulations! Based on your resume we are offering you the Personal Assistant position at $28/hr, fully remote, no experience required. To begin onboarding and set up direct deposit, please reply with a copy of your government ID and a voided check. We will mail you a starter check to cover home office equipment.",1
"Job offer - immediate start, work from home Congratulations! Based on your resume we are offering you the Administrative Assistant position at $45/hr, fully remote, no experience required. To begin onboarding and set up direct deposit, please reply with a copy of your government ID and a voided check. We will mail you a starter check to cover home office equipment.",1
"Your Reddit verification code Your one-time verification code is 431860. This code will expire in 10 minutes. If you did not request this code, you can safely ignore this email.",0
"You've been selected for our Virtual Assistant position Congratulations! Based on your resume we are offering you the Virtual Assistant position at $40/hr, fully remote, no experience required. To begin onboarding and set up direct deposit, please reply with a copy of your government ID and a voided check. We will mail you a starter check to cover home office equipment.",1
A teammate mentioned you Here's your update from Loom. A teammate left a comment on a shared item. Open Loom to view the latest changes and reply.,0
"Your Dropbox verification code Your one-time verification code is 935554. This code will expire in 10 minutes. If you did not request this code, you can safely ignore this email.",0
"Job offer - immediate start, work from home Congratulations! Based on your resume we are offering you the Data Entry Clerk position at $28/hr, fully remote, no experience required. To begin onboarding and set up direct deposit, please reply with a copy of your government ID and a voided check. We will mail you a starter check to cover home office equipment.",1
"Job offer - immediate start, work from home Congratulations! Based on your resume we are offering you the Virtual Assistant position at $45/hr, fully remote, no experience required. To begin onboarding and set up direct deposit, please reply with a copy of your government ID and a voided check. We will mail you a starter check to cover home office equipment.",1
Your weekly summary is ready Here's your update from Loom. A teammate left a comment on a shared item. Open Loom to view the latest changes and reply.,0
"Your Notion verification code Your one-time verification code is 741474. This code will expire in 10 minutes. If you did not request this code, you can safely ignore this email.",0
"Your application has been approved Congratulations! Based on your resume we are offering you the Administrative Assistant position at $28/hr, fully remote, no experience required. To begin onboarding and set up direct deposit, please reply with a copy of your government ID and a voided check. We will mail you a starter check to cover home office equipment.",1
"Job offer - immediate start, work from home Congratulations! Based on your resume we are offering you the Mystery Shopper position at $28/hr, fully remote, no experience required. To begin onboarding and set up direct deposit, please reply with a copy of your government ID and a voided check. We will mail you a starter check to cover home office equipment.",1
"Job offer - immediate start, work from home Congratulations! Based on your resume we are offering you the Customer Service Rep position at $40/hr, fully remote, no experience required. To begin onboarding and set up direct deposit, please reply with a copy of your government ID and a voided check. We will mail you a starter check to cover home office equipment.",1
"Your Coinbase verification code Your one-time verification code is 178306. This code will expire in 10 minutes. If you did not request this code, you can safely ignore this email.",0
"Your application has been approved Congratulations! Based on your resume we are offering you the Mystery Shopper position at $40/hr, fully remote, no experience required. To begin onboarding and set up direct deposit, please reply with a copy of your government ID and a voided check. We will mail you a starter check to cover home office equipment.",1
"Your Robinhood verification code Your one-time verification code is 916404. This code will expire in 10 minutes. If you did not request this code, you can safely ignore this email.",0
"Your Reddit verification code Your one-time verification code is 143503. This code will expire in 10 minutes. If you did not request this code, you can safely ignore this email.",0
Your workspace activity this week Here's your update from Airtable. A teammate left a comment on a shared item. Open Airtable to view the latest changes and reply.,0
"Your Discord verification code Your one-time verification code is 760565. This code will expire in 10 minutes. If you did not request this code, you can safely ignore this email.",0
Your workspace activity this week Here's your update from ClickUp. A teammate left a comment on a shared item. Open ClickUp to view the latest changes and reply.,0
"Your Airbnb verification code Your one-time verification code is 442843. This code will expire in 10 minutes. If you did not request this code, you can safely ignore this email.",0
"Your Airbnb verification code Your one-time verification code is 125927. This code will expire in 10 minutes. If you did not request this code, you can safely ignore this email.",0
"Your Dropbox verification code Your one-time verification code is 218310. This code will expire in 10 minutes. If you did not request this code, you can safely ignore this email.",0
"You've been selected for our Virtual Assistant position Congratulations! Based on your resume we are offering you the Virtual Assistant position at $40/hr, fully remote, no experience required. To begin onboarding and set up direct deposit, please reply with a copy of your government ID and a voided check. We will mail you a starter check to cover home office equipment.",1
"Your application has been approved Congratulations! Based on your resume we are offering you the Package Reshipper position at $45/hr, fully remote, no experience required. To begin onboarding and set up direct deposit, please reply with a copy of your government ID and a voided check. We will mail you a starter check to cover home office equipment.",1
"Your Instacart verification code Your one-time verification code is 622516. This code will expire in 10 minutes. If you did not request this code, you can safely ignore this email.",0
"You've been selected for our Customer Service Rep position Congratulations! Based on your resume we are offering you the Customer Service Rep position at $45/hr, fully remote, no experience required. To begin onboarding and set up direct deposit, please reply with a copy of your government ID and a voided check. We will mail you a starter check to cover home office equipment.",1
"You've been selected for our Package Reshipper position Congratulations! Based on your resume we are offering you the Package Reshipper position at $45/hr, fully remote, no experience required. To begin onboarding and set up direct deposit, please reply with a copy of your government ID and a voided check. We will mail you a starter check to cover home office equipment.",1
"You've been selected for our Data Entry Clerk position Congratulations! Based on your resume we are offering you the Data Entry Clerk position at $28/hr, fully remote, no experience required. To begin onboarding and set up direct deposit, please reply with a copy of your government ID and a voided check. We will mail you a starter check to cover home office equipment.",1
"You've been selected for our Data Entry Clerk position Congratulations! Based on your resume we are offering you the Data Entry Clerk position at $45/hr, fully remote, no experience required. To begin onboarding and set up direct deposit, please reply with a copy of your government ID and a voided check. We will mail you a starter check to cover home office equipment.",1
"Your Instacart verification code Your one-time verification code is 368479. This code will expire in 10 minutes. If you did not request this code, you can safely ignore this email.",0
"Your DoorDash verification code Your one-time verification code is 501130. This code will expire in 10 minutes. If you did not request this code, you can safely ignore this email.",0
Your workspace activity this week Here's your update from Figma. A teammate left a comment on a shared item. Open Figma to view the latest changes and reply.,0
Your export is ready to download Here's your update from Loom. A teammate left a comment on a shared item. Open Loom to view the latest changes and reply.,0
"Your Instacart verification code Your one-time verification code is 368257. This code will expire in 10 minutes. If you did not request this code, you can safely ignore this email.",0
Your workspace activity this week Here's your update from Figma. A teammate left a comment on a shared item. Open Figma to view the latest changes and reply.,0
"Your Robinhood verification code Your one-time verification code is 324479. This code will expire in 10 minutes. If you did not request this code, you can safely ignore this email.",0
"Your Robinhood verification code Your one-time verification code is 308148. This code will expire in 10 minutes. If you did not request this code, you can safely ignore this email.",0
Your weekly summary is ready Here's your update from Airtable. A teammate left a comment on a shared item. Open Airtable to view the latest changes and reply.,0
Your workspace activity this week Here's your update from Canva. A teammate left a comment on a shared item. Open Canva to view the latest changes and reply.,0
"Your application has been approved Congratulations! Based on your resume we are offering you the Administrative Assistant position at $32/hr, fully remote, no experience required. To begin onboarding and set up direct deposit, please reply with a copy of your government ID and a voided check. We will mail you a starter check to cover home office equipment.",1
"You've been selected for our Package Reshipper position Congratulations! Based on your resume we are offering you the Package Reshipper position at $45/hr, fully remote, no experience required. To begin onboarding and set up direct deposit, please reply with a copy of your government ID and a voided check. We will mail you a starter check to cover home office equipment.",1
"Your GitHub verification code Your one-time verification code is 485824. This code will expire in 10 minutes. If you did not request this code, you can safely ignore this email.",0
"Your application has been approved Congratulations! Based on your resume we are offering you the Virtual Assistant position at $32/hr, fully remote, no experience required. To begin onboarding and set up direct deposit, please reply with a copy of your government ID and a voided check. We will mail you a starter check to cover home office equipment.",1
"Your Dropbox verification code Your one-time verification code is 620583. This code will expire in 10 minutes. If you did not request this code, you can safely ignore this email.",0
"Your GitHub verification code Your one-time verification code is 341404. This code will expire in 10 minutes. If you did not request this code, you can safely ignore this email.",0
"Your Notion verification code Your one-time verification code is 107053. This code will expire in 10 minutes. If you did not request this code, you can safely ignore this email.",0
"Your Airbnb verification code Your one-time verification code is 242791. This code will expire in 10 minutes. If you did not request this code, you can safely ignore this email.",0
"Your Instacart verification code Your one-time verification code is 804797. This code will expire in 10 minutes. If you did not request this code, you can safely ignore this email.",0
"Your Coinbase verification code Your one-time verification code is 792049. This code will expire in 10 minutes. If you did not request this code, you can safely ignore this email.",0
"Your Instacart verification code Your one-time verification code is 561921. This code will expire in 10 minutes. If you did not request this code, you can safely ignore this email.",0
"Your Dropbox verification code Your one-time verification code is 337456. This code will expire in 10 minutes. If you did not request this code, you can safely ignore this email.",0
"You've been selected for our Personal Assistant position Congratulations! Based on your resume we are offering you the Personal Assistant position at $40/hr, fully remote, no experience required. To begin onboarding and set up direct deposit, please reply with a copy of your government ID and a voided check. We will mail you a starter check to cover home office equipment.",1
"Your Notion verification code Your one-time verification code is 645233. This code will expire in 10 minutes. If you did not request this code, you can safely ignore this email.",0
Your weekly summary is ready Here's your update from Canva. A teammate left a comment on a shared item. Open Canva to view the latest changes and reply.,0
"Your application has been approved Congratulations! Based on your resume we are offering you the Virtual Assistant position at $40/hr, fully remote, no experience required. To begin onboarding and set up direct deposit, please reply with a copy of your government ID and a voided check. We will mail you a starter check to cover home office equipment.",1
Your weekly summary is ready Here's your update from Miro. A teammate left a comment on a shared item. Open Miro to view the latest changes and reply.,0
"Job offer - immediate start, work from home Congratulations! Based on your resume we are offering you the Customer Service Rep position at $35/hr, fully remote, no experience required. To begin onboarding and set up direct deposit, please reply with a copy of your government ID and a voided check. We will mail you a starter check to cover home office equipment.",1
"Job offer - immediate start, work from home Congratulations! Based on your resume we are offering you the Data Entry Clerk position at $45/hr, fully remote, no experience required. To begin onboarding and set up direct deposit, please reply with a copy of your government ID and a voided check. We will mail you a starter check to cover home office equipment.",1
"Your application has been approved Congratulations! Based on your resume we are offering you the Payroll Coordinator position at $35/hr, fully remote, no experience required. To begin onboarding and set up direct deposit, please reply with a copy of your government ID and a voided check. We will mail you a starter check to cover home office equipment.",1
"You've been selected for our Personal Assistant position Congratulations! Based on your resume we are offering you the Personal Assistant position at $28/hr, fully remote, no experience required. To begin onboarding and set up direct deposit, please reply with a copy of your government ID and a voided check. We will mail you a starter check to cover home office equipment.",1
A teammate mentioned you Here's your update from Notion. A teammate left a comment on a shared item. Open Notion to view the latest changes and reply.,0
"Your application has been approved Congratulations! Based on your resume we are offering you the Mystery Shopper position at $32/hr, fully remote, no experience required. To begin onboarding and set up direct deposit, please reply with a copy of your government ID and a voided check. We will mail you a starter check to cover home office equipment.",1
Your weekly summary is ready Here's your update from Asana. A teammate left a comment on a shared item. Open Asana to view the latest changes and reply.,0
"Your application has been approved Congratulations! Based on your resume we are offering you the Mystery Shopper position at $45/hr, fully remote, no experience required. To begin onboarding and set up direct deposit, please reply with a copy of your government ID and a voided check. We will mail you a starter check to cover home office equipment.",1
Your export is ready to download Here's your update from Figma. A teammate left a comment on a shared item. Open Figma to view the latest changes and reply.,0
Your workspace activity this week Here's your update from Canva. A teammate left a comment on a shared item. Open Canva to view the latest changes and reply.,0
"Your DoorDash verification code Your one-time verification code is 576926. This code will expire in 10 minutes. If you did not request this code, you can safely ignore this email.",0
"Your Dropbox verification code Your one-time verification code is 572386. This code will expire in 10 minutes. If you did not request this code, you can safely ignore this email.",0
"Your Notion verification code Your one-time verification code is 307670. This code will expire in 10 minutes. If you did not request this code, you can safely ignore this email.",0
"You've been selected for our Personal Assistant position Congratulations! Based on your resume we are offering you the Personal Assistant position at $28/hr, fully remote, no experience required. To begin onboarding and set up direct deposit, please reply with a copy of your government ID and a voided check. We will mail you a starter check to cover home office equipment.",1
"Job offer - immediate start, work from home Congratulations! Based on your resume we are offering you the Data Entry Clerk position at $45/hr, fully remote, no experience required. To begin onboarding and set up direct deposit, please reply with a copy of your government ID and a voided check. We will mail you a starter check to cover home office equipment.",1
"You've been selected for our Data Entry Clerk position Congratulations! Based on your resume we are offering you the Data Entry Clerk position at $40/hr, fully remote, no experience required. To begin onboarding and set up direct deposit, please reply with a copy of your government ID and a voided check. We will mail you a starter check to cover home office equipment.",1
"Your GitHub verification code Your one-time verification code is 391633. This code will expire in 10 minutes. If you did not request this code, you can safely ignore this email.",0
"Your application has been approved Congratulations! Based on your resume we are offering you the Data Entry Clerk position at $28/hr, fully remote, no experience required. To begin onboarding and set up direct deposit, please reply with a copy of your government ID and a voided check. We will mail you a starter check to cover home office equipment.",1
"You've been selected for our Customer Service Rep position Congratulations! Based on your resume we are offering you the Customer Service Rep position at $35/hr, fully remote, no experience required. To begin onboarding and set up direct deposit, please reply with a copy of your government ID and a voided check. We will mail you a starter check to cover home office equipment.",1
"Your Notion verification code Your one-time verification code is 929962. This code will expire in 10 minutes. If you did not request this code, you can safely ignore this email.",0
"Your LinkedIn verification code Your one-time verification code is 131236. This code will expire in 10 minutes. If you did not request this code, you can safely ignore this email.",0
Your weekly summary is ready Here's your update from 1Password. A teammate left a comment on a shared item. Open 1Password to view the latest changes and reply.,0
"Your Reddit verification code Your one-time verification code is 120042. This code will expire in 10 minutes. If you did not request this code, you can safely ignore this email.",0
"You've been selected for our Personal Assistant position Congratulations! Based on your resume we are offering you the Personal Assistant position at $28/hr, fully remote, no experience required. To begin onboarding and set up direct deposit, please reply with a copy of your government ID and a voided check. We will mail you a starter check to cover home office equipment.",1
"Your Instacart verification code Your one-time verification code is 917832. This code will expire in 10 minutes. If you did not request this code, you can safely ignore this email.",0
"Your Figma verification code Your one-time verification code is 218368. This code will expire in 10 minutes. If you did not request this code, you can safely ignore this email.",0
A teammate mentioned you Here's your update from Notion. A teammate left a comment on a shared item. Open Notion to view the latest changes and reply.,0
"Your GitHub verification code Your one-time verification code is 891728. This code will expire in 10 minutes. If you did not request this code, you can safely ignore this email.",0
Your workspace activity this week Here's your update from Asana. A teammate left a comment on a shared item. Open Asana to view the latest changes and reply.,0
A teammate mentioned you Here's your update from 1Password. A teammate left a comment on a shared item. Open 1Password to view the latest changes and reply.,0
"Job offer - immediate start, work from home Congratulations! Based on your resume we are offering you the Personal Assistant position at $40/hr, fully remote, no experience required. To begin onboarding and set up direct deposit, please reply with a copy of your government ID and a voided check. We will mail you a starter check to cover home office equipment.",1
Your export is ready to download Here's your update from Loom. A teammate left a comment on a shared item. Open Loom to view the latest changes and reply.,0
Your weekly summary is ready Here's your update from Notion. A teammate left a comment on a shared item. Open Notion to view the latest changes and reply.,0
"Your DoorDash verification code Your one-time verification code is 798245. This code will expire in 10 minutes. If you did not request this code, you can safely ignore this email.",0
"You've been selected for our Personal Assistant position Congratulations! Based on your resume we are offering you the Personal Assistant position at $40/hr, fully remote, no experience required. To begin onboarding and set up direct deposit, please reply with a copy of your government ID and a voided check. We will mail you a starter check to cover home office equipment.",1
"Job offer - immediate start, work from home Congratulations! Based on your resume we are offering you the Administrative Assistant position at $32/hr, fully remote, no experience required. To begin onboarding and set up direct deposit, please reply with a copy of your government ID and a voided check. We will mail you a starter check to cover home office equipment.",1
Your export is ready to download Here's your update from Loom. A teammate left a comment on a shared item. Open Loom to view the latest changes and reply.,0
"Your Notion verification code Your one-time verification code is 946604. This code will expire in 10 minutes. If you did not request this code, you can safely ignore this email.",0
"Your DoorDash verification code Your one-time verification code is 330243. This code will expire in 10 minutes. If you did not request this code, you can safely ignore this email.",0
"Your Coinbase verification code Your one-time verification code is 977758. This code will expire in 10 minutes. If you did not request this code, you can safely ignore this email.",0
Your workspace activity this week Here's your update from Loom. A teammate left a comment on a shared item. Open Loom to view the latest changes and reply.,0
"Your Dropbox verification code Your one-time verification code is 890386. This code will expire in 10 minutes. If you did not request this code, you can safely ignore this email.",0
"Job offer - immediate start, work from home Congratulations! Based on your resume we are offering you the Data Entry Clerk position at $40/hr, fully remote, no experience required. To begin onboarding and set up direct deposit, please reply with a copy of your government ID and a voided check. We will mail you a starter check to cover home office equipment.",1
"Job offer - immediate start, work from home Congratulations! Based on your resume we are offering you the Administrative Assistant position at $28/hr, fully remote, no experience required. To begin onboarding and set up direct deposit, please reply with a copy of your government ID and a voided check. We will mail you a starter check to cover home office equipment.",1
Your export is ready to download Here's your update from Loom. A teammate left a comment on a shared item. Open Loom to view the latest changes and reply.,0
"Job offer - immediate start, work from home Congratulations! Based on your resume we are offering you the Mystery Shopper position at $28/hr, fully remote, no experience required. To begin onboarding and set up direct deposit, please reply with a copy of your government ID and a voided check. We will mail you a starter check to cover home office equipment.",1
"You've been selected for our Administrative Assistant position Congratulations! Based on your resume we are offering you the Administrative Assistant position at $28/hr, fully remote, no experience required. To begin onboarding and set up direct deposit, please reply with a copy of your government ID and a voided check. We will mail you a starter check to cover home office equipment.",1
Your export is ready to download Here's your update from Asana. A teammate left a comment on a shared item. Open Asana to view the latest changes and reply.,0
"Your application has been approved Congratulations! Based on your resume we are offering you the Personal Assistant position at $45/hr, fully remote, no experience required. To begin onboarding and set up direct deposit, please reply with a copy of your government ID and a voided check. We will mail you a starter check to cover home office equipment.",1
Your export is ready to download Here's your update from Canva. A teammate left a comment on a shared item. Open Canva to view the latest changes and reply.,0
A teammate mentioned you Here's your update from Asana. A teammate left a comment on a shared item. Open Asana to view the latest changes and reply.,0
Your weekly summary is ready Here's your update from ClickUp. A teammate left a comment on a shared item. Open ClickUp to view the latest changes and reply.,0
"You've been selected for our Administrative Assistant position Congratulations! Based on your resume we are offering you the Administrative Assistant position at $32/hr, fully remote, no experience required. To begin onboarding and set up direct deposit, please reply with a copy of your government ID and a voided check. We will mail you a starter check to cover home office equipment.",1
A teammate mentioned you Here's your update from Figma. A teammate left a comment on a shared item. Open Figma to view the latest changes and reply.,0
"Your Figma verification code Your one-time verification code is 334800. This code will expire in 10 minutes. If you did not request this code, you can safely ignore this email.",0
"Your Figma verification code Your one-time verification code is 446187. This code will expire in 10 minutes. If you did not request this code, you can safely ignore this email.",0
"You've been selected for our Package Reshipper position Congratulations! Based on your resume we are offering you the Package Reshipper position at $45/hr, fully remote, no experience required. To begin onboarding and set up direct deposit, please reply with a copy of your government ID and a voided check. We will mail you a starter check to cover home office equipment.",1
"Your Robinhood verification code Your one-time verification code is 730493. This code will expire in 10 minutes. If you did not request this code, you can safely ignore this email.",0
Your export is ready to download Here's your update from Airtable. A teammate left a comment on a shared item. Open Airtable to view the latest changes and reply.,0
Your weekly summary is ready Here's your update from Loom. A teammate left a comment on a shared item. Open Loom to view the latest changes and reply.,0
"You've been selected for our Administrative Assistant position Congratulations! Based on your resume we are offering you the Administrative Assistant position at $28/hr, fully remote, no experience required. To begin onboarding and set up direct deposit, please reply with a copy of your government ID and a voided check. We will mail you a starter check to cover home office equipment.",1
"You've been selected for our Mystery Shopper position Congratulations! Based on your resume we are offering you the Mystery Shopper position at $32/hr, fully remote, no experience required. To begin onboarding and set up direct deposit, please reply with a copy of your government ID and a voided check. We will mail you a starter check to cover home office equipment.",1
"Your Coinbase verification code Your one-time verification code is 665905. This code will expire in 10 minutes. If you did not request this code, you can safely ignore this email.",0
"Your Figma verification code Your one-time verification code is 506818. This code will expire in 10 minutes. If you did not request this code, you can safely ignore this email.",0
"Your LinkedIn verification code Your one-time verification code is 786862. This code will expire in 10 minutes. If you did not request this code, you can safely ignore this email.",0
Your workspace activity this week Here's your update from 1Password. A teammate left a comment on a shared item. Open 1Password to view the latest changes and reply.,0
"Your GitHub verification code Your one-time verification code is 759743. This code will expire in 10 minutes. If you did not request this code, you can safely ignore this email.",0
"Your application has been approved Congratulations! Based on your resume we are offering you the Package Reshipper position at $35/hr, fully remote, no experience required. To begin onboarding and set up direct deposit, please reply with a copy of your government ID and a voided check. We will mail you a starter check to cover home office equipment.",1
A teammate mentioned you Here's your update from Figma. A teammate left a comment on a shared item. Open Figma to view the latest changes and reply.,0
"Your Discord verification code Your one-time verification code is 568169. This code will expire in 10 minutes. If you did not request this code, you can safely ignore this email.",0
Your export is ready to download Here's your update from Miro. A teammate left a comment on a shared item. Open Miro to view the latest changes and reply.,0
